<?xml version="1.0" encoding="UTF-8"?>
<jcr:root xmlns:sling="http://sling.apache.org/jcr/sling/1.0" xmlns:granite="http://www.adobe.com/jcr/granite/1.0" xmlns:cq="http://www.day.com/jcr/cq/1.0" xmlns:jcr="http://www.jcp.org/jcr/1.0" xmlns:nt="http://www.jcp.org/jcr/nt/1.0"
    jcr:description="Image Design Dialog"
    jcr:primaryType="nt:unstructured"
    jcr:title="Image Design"
    sling:resourceType="cq/gui/components/authoring/dialog"
    extraClientlibs="[core.wcm.components.image.v1.editor]">
    <content
        jcr:primaryType="nt:unstructured"
        sling:resourceType="granite/ui/components/coral/foundation/container">
        <items jcr:primaryType="nt:unstructured">
            <tabs
                jcr:primaryType="nt:unstructured"
                sling:resourceType="granite/ui/components/coral/foundation/tabs"
                maximized="{Boolean}true">
                <items jcr:primaryType="nt:unstructured">
                    <properties
                        jcr:primaryType="nt:unstructured"
                        jcr:title="Main"
                        sling:resourceType="granite/ui/components/coral/foundation/fixedcolumns"
                        margin="{Boolean}true">
                        <items jcr:primaryType="nt:unstructured">
                            <content
                                jcr:primaryType="nt:unstructured"
                                sling:resourceType="granite/ui/components/coral/foundation/container"
                                margin="{Boolean}false">
                                <items jcr:primaryType="nt:unstructured">
                                    <allowedWidths
                                        granite:class="core-image-widths"
                                        jcr:primaryType="nt:unstructured"
                                        sling:resourceType="granite/ui/components/coral/foundation/form/multifield"
                                        fieldDescription="Define a list of allowed widths in pixels for the image to automatically load the most appropriate width from the list."
                                        fieldLabel="Allowed widths">
                                        <field
                                            jcr:primaryType="nt:unstructured"
                                            sling:resourceType="granite/ui/components/coral/foundation/form/numberfield"
                                            defaultValue="{Long}1280"
                                            min="{Long}0"
                                            name="./allowedRenditionWidths"
                                            required="{Boolean}true"/>
                                    </allowedWidths>
                                    <disableLazyLoading
                                        jcr:primaryType="nt:unstructured"
                                        sling:resourceType="granite/ui/components/coral/foundation/form/checkbox"
                                        fieldDescription="Don't defer the loading of images until they become visible."
                                        name="./disableLazyLoading"
                                        text="Disable lazy loading"
                                        value="{Boolean}true"
                                        wrapperClass="core-image-disable-lazy"/>
                                </items>
                            </content>
                        </items>
                    </properties>
                    <features
                        jcr:primaryType="nt:unstructured"
                        jcr:title="Features"
                        sling:resourceType="granite/ui/components/coral/foundation/fixedcolumns"
                        margin="{Boolean}true">
                        <items jcr:primaryType="nt:unstructured">
                            <content
                                jcr:primaryType="nt:unstructured"
                                sling:resourceType="granite/ui/components/coral/foundation/container"
                                margin="{Boolean}false">
                                <items jcr:primaryType="nt:unstructured">
                                    <accordion
                                        granite:class="js-cq-IPEPlugin-container"
                                        jcr:primaryType="nt:unstructured"
                                        sling:resourceType="granite/ui/components/coral/foundation/accordion"
                                        variant="quiet">
                                        <items jcr:primaryType="nt:unstructured">
                                            <source
                                                jcr:primaryType="nt:unstructured"
                                                jcr:title="Source"
                                                sling:resourceType="granite/ui/components/coral/foundation/container"
                                                maximized="{Boolean}true">
                                                <items jcr:primaryType="nt:unstructured">
                                                    <allowupload
                                                        granite:class="js-cq-ImageEditor-allowUpload"
                                                        jcr:primaryType="nt:unstructured"
                                                        sling:resourceType="granite/ui/components/coral/foundation/form/checkbox"
                                                        checked="{Boolean}true"
                                                        deleteHint="{Boolean}false"
                                                        name="./allowUpload"
                                                        text="Allow asset upload from file system"
                                                        uncheckedValue="{Boolean}false"
                                                        value="{Boolean}true"/>
                                                </items>
                                                <parentConfig
                                                    jcr:primaryType="nt:unstructured"
                                                    active="{Boolean}true"/>
                                            </source>
                                            <orientation
                                                granite:class="js-cq-IPEPlugin-group"
                                                jcr:primaryType="nt:unstructured"
                                                jcr:title="Orientation"
                                                sling:resourceType="granite/ui/components/coral/foundation/container"
                                                maximized="{Boolean}true">
                                                <items jcr:primaryType="nt:unstructured">
                                                    <rotate
                                                        jcr:primaryType="nt:unstructured"
                                                        jcr:title="Rotate"
                                                        sling:resourceType="cq/gui/components/authoring/dialog/inplaceediting/configuration/plugin"
                                                        features="right"
                                                        name="rotate"/>
                                                    <flip
                                                        jcr:primaryType="nt:unstructured"
                                                        jcr:title="Flip"
                                                        sling:resourceType="cq/gui/components/authoring/dialog/inplaceediting/configuration/plugin"
                                                        features="horizontal,vertical"
                                                        name="flip"/>
                                                </items>
                                            </orientation>
                                            <crop
                                                granite:class="js-cq-IPEPlugin-group"
                                                jcr:primaryType="nt:unstructured"
                                                jcr:title="Cropping"
                                                sling:resourceType="granite/ui/components/coral/foundation/container"
                                                maximized="{Boolean}true">
                                                <items jcr:primaryType="nt:unstructured">
                                                    <crop
                                                        jcr:primaryType="nt:unstructured"
                                                        jcr:title="Allow crop"
                                                        sling:resourceType="cq/gui/components/authoring/dialog/inplaceediting/configuration/plugin"
                                                        features="*"
                                                        name="crop"/>
                                                    <configWrapper
                                                        jcr:primaryType="nt:unstructured"
                                                        sling:resourceType="cq/gui/components/authoring/dialog/inplaceediting/configuration/wrapper"
                                                        configPath="./plugins/crop/aspectRatios">
                                                        <aspectratios
                                                            granite:class="cq-AspectRatio"
                                                            jcr:primaryType="nt:unstructured"
                                                            sling:resourceType="granite/ui/components/coral/foundation/form/multifield"
                                                            composite="{Boolean}true"
                                                            fieldLabel="Aspect ratios">
                                                            <field
                                                                granite:class="cq-AspectRatio-field"
                                                                jcr:primaryType="nt:unstructured"
                                                                sling:resourceType="granite/ui/components/coral/foundation/container"
                                                                name="./plugins/crop/aspectRatios">
                                                                <items jcr:primaryType="nt:unstructured">
                                                                    <name
                                                                        granite:class="cq-AspectRatio-name"
                                                                        jcr:primaryType="nt:unstructured"
                                                                        sling:resourceType="granite/ui/components/coral/foundation/form/textfield"
                                                                        fieldLabel="Name"
                                                                        name="name"/>
                                                                    <ratio
                                                                        granite:class="cq-AspectRatio-ratio"
                                                                        jcr:primaryType="nt:unstructured"
                                                                        sling:resourceType="granite/ui/components/coral/foundation/form/numberfield"
                                                                        fieldLabel="Ratio"
                                                                        min="0"
                                                                        name="ratio"
                                                                        step="0.0001"/>
                                                                </items>
                                                            </field>
                                                        </aspectratios>
                                                    </configWrapper>
                                                </items>
                                            </crop>
                                        </items>
                                    </accordion>
                                </items>
                            </content>
                        </items>
                    </features>
                </items>
            </tabs>
        </items>
    </content>
</jcr:root>
