<?xml version="1.0" encoding="UTF-8"?>
<jcr:root xmlns:sling="http://sling.apache.org/jcr/sling/1.0" xmlns:granite="http://www.adobe.com/jcr/granite/1.0" xmlns:cq="http://www.day.com/jcr/cq/1.0" xmlns:jcr="http://www.jcp.org/jcr/1.0" xmlns:nt="http://www.jcp.org/jcr/nt/1.0"
    jcr:primaryType="nt:unstructured"
    jcr:title="Image"
    sling:resourceType="cq/gui/components/authoring/dialog"
    extraClientlibs="[core.wcm.components.image.v1.editor]">
    <content
        jcr:primaryType="nt:unstructured"
        sling:resourceType="granite/ui/components/coral/foundation/container">
        <items jcr:primaryType="nt:unstructured">
            <image
                jcr:primaryType="nt:unstructured"
                jcr:title="Image"
                sling:resourceType="granite/ui/components/coral/foundation/fixedcolumns">
                <items jcr:primaryType="nt:unstructured">
                    <column
                        jcr:primaryType="nt:unstructured"
                        sling:resourceType="granite/ui/components/coral/foundation/container">
                        <items jcr:primaryType="nt:unstructured">
                            <file
                                jcr:primaryType="nt:unstructured"
                                sling:resourceType="cq/gui/components/authoring/dialog/fileupload"
                                autoStart="{Boolean}false"
                                class="cq-droptarget"
                                fieldLabel="Image asset"
                                fileNameParameter="./fileName"
                                fileReferenceParameter="./fileReference"
                                mimeTypes="[image]"
                                multiple="{Boolean}false"
                                name="./file"
                                title="Upload Image Asset"
                                uploadUrl="${suffix.path}"
                                useHTML5="{Boolean}true"/>
                            <decorative
                                granite:class="core-image-decorative"
                                jcr:primaryType="nt:unstructured"
                                sling:resourceType="granite/ui/components/coral/foundation/form/checkbox"
                                fieldDescription="Check if the image should be ignored by assistive technology and therefore does not require an alternative text. This applies to decorative images only."
                                name="./isDecorative"
                                text="Image is decorative"
                                value="{Boolean}true"/>
                            <alt
                                jcr:primaryType="nt:unstructured"
                                sling:resourceType="granite/ui/components/coral/foundation/form/textfield"
                                fieldDescription="Textual alternative of the meaning or function of the image, for visually impaired readers."
                                fieldLabel="Alternative Text"
                                name="./alt"
                                required="{Boolean}true"
                                wrapperClass="core-image-alt"/>
                            <linkURL
                                jcr:primaryType="nt:unstructured"
                                sling:resourceType="granite/ui/components/coral/foundation/form/pathfield"
                                fieldDescription="Make the image a link to another resource."
                                fieldLabel="Link"
                                name="./linkURL"
                                rootPath="/content"
                                wrapperClass="core-image-link"/>
                            <caption
                                jcr:primaryType="nt:unstructured"
                                sling:resourceType="granite/ui/components/coral/foundation/form/textfield"
                                fieldDescription="Additional information about the image."
                                fieldLabel="Caption"
                                name="./jcr:title"/>
                            <displayCaptionPopup
                                jcr:primaryType="nt:unstructured"
                                sling:resourceType="granite/ui/components/coral/foundation/form/checkbox"
                                fieldDescription="When checked, the caption won't be displayed below the image, but as a pop-up displayed by some browsers when hovering over the image."
                                name="./displayPopupTitle"
                                text="Display caption as pop-up"
                                value="{Boolean}true"/>
                        </items>
                    </column>
                </items>
            </image>
        </items>
    </content>
</jcr:root>
